method,instance,rank,modal_feature,modal_share,n_distinct,mean_abs_weight
LIME,8453,1,time,1.0000,1,40.4985
LIME,8453,2,S15,1.0000,1,17.2969
LIME,8453,3,S11,1.0000,1,12.7167
LIME,8453,4,S4,1.0000,1,7.5562
LIME,8453,5,S13,1.0000,1,6.2498
LIME,8453,6,S3,0.5200,3,2.4466
LIME,8453,7,S7,0.4800,4,2.0799
LIME,8453,8,S21,0.6300,7,1.5954
WA-LIME B=5,8453,1,time,1.0000,1,40.4498
WA-LIME B=5,8453,2,S15,1.0000,1,17.2809
WA-LIME B=5,8453,3,S11,1.0000,1,12.7381
WA-LIME B=5,8453,4,S4,1.0000,1,7.6087
WA-LIME B=5,8453,5,S13,1.0000,1,6.2645
WA-LIME B=5,8453,6,S3,0.5400,2,2.3314
WA-LIME B=5,8453,7,S7,0.5400,2,2.1731
WA-LIME B=5,8453,8,S21,0.8900,4,1.5711
LIME,7520,1,time,1.0000,1,40.9752
LIME,7520,2,S15,1.0000,1,17.1947
LIME,7520,3,S11,1.0000,1,12.6654
LIME,7520,4,S4,0.9800,2,7.4750
LIME,7520,5,S13,0.9800,2,6.3679
LIME,7520,6,S7,0.5500,2,2.4537
LIME,7520,7,S3,0.5000,4,2.0596
LIME,7520,8,S21,0.5600,8,1.5586
WA-LIME B=5,7520,1,time,1.0000,1,41.0116
WA-LIME B=5,7520,2,S15,1.0000,1,17.2230
WA-LIME B=5,7520,3,S11,1.0000,1,12.6310
WA-LIME B=5,7520,4,S4,1.0000,1,7.3991
WA-LIME B=5,7520,5,S13,1.0000,1,6.3614
WA-LIME B=5,7520,6,S7,0.6300,2,2.3654
WA-LIME B=5,7520,7,S3,0.6300,2,2.1757
WA-LIME B=5,7520,8,S21,0.9400,2,1.5498
LIME,5946,1,time,1.0000,1,42.3655
LIME,5946,2,S15,1.0000,1,16.9218
LIME,5946,3,S11,1.0000,1,12.4286
LIME,5946,4,S4,1.0000,1,7.2406
LIME,5946,5,S13,1.0000,1,6.1746
LIME,5946,6,S7,0.5300,2,2.4334
LIME,5946,7,S3,0.4700,5,2.0948
LIME,5946,8,S21,0.7300,7,1.6040
WA-LIME B=5,5946,1,time,1.0000,1,42.3459
WA-LIME B=5,5946,2,S15,1.0000,1,16.9392
WA-LIME B=5,5946,3,S11,1.0000,1,12.4647
WA-LIME B=5,5946,4,S4,1.0000,1,7.2393
WA-LIME B=5,5946,5,S13,1.0000,1,6.1753
WA-LIME B=5,5946,6,S7,0.5800,2,2.3410
WA-LIME B=5,5946,7,S3,0.5800,2,2.1644
WA-LIME B=5,5946,8,S21,0.9200,3,1.5299
LIME,268,1,time,1.0000,1,42.4514
LIME,268,2,S15,1.0000,1,16.7273
LIME,268,3,S11,1.0000,1,12.4568
LIME,268,4,S4,1.0000,1,7.4550
LIME,268,5,S13,1.0000,1,5.7559
LIME,268,6,S3,0.6700,2,2.4491
LIME,268,7,S7,0.6000,5,2.0392
LIME,268,8,S21,0.5700,9,1.5037
WA-LIME B=5,268,1,time,1.0000,1,42.5369
WA-LIME B=5,268,2,S15,1.0000,1,16.6698
WA-LIME B=5,268,3,S11,1.0000,1,12.4516
WA-LIME B=5,268,4,S4,1.0000,1,7.4127
WA-LIME B=5,268,5,S13,1.0000,1,5.8254
WA-LIME B=5,268,6,S3,0.8800,2,2.3253
WA-LIME B=5,268,7,S7,0.8800,2,2.0799
WA-LIME B=5,268,8,S21,0.9600,3,1.4531
LIME,1086,1,time,1.0000,1,43.1883
LIME,1086,2,S15,1.0000,1,16.4804
LIME,1086,3,S11,1.0000,1,12.3509
LIME,1086,4,S4,1.0000,1,7.3665
LIME,1086,5,S13,1.0000,1,5.6787
LIME,1086,6,S3,0.7500,2,2.3674
LIME,1086,7,S7,0.6700,4,1.9704
LIME,1086,8,S21,0.6000,7,1.4320
WA-LIME B=5,1086,1,time,1.0000,1,43.0887
WA-LIME B=5,1086,2,S15,1.0000,1,16.5475
WA-LIME B=5,1086,3,S11,1.0000,1,12.3915
WA-LIME B=5,1086,4,S4,1.0000,1,7.3472
WA-LIME B=5,1086,5,S13,1.0000,1,5.7513
WA-LIME B=5,1086,6,S3,0.9600,2,2.3241
WA-LIME B=5,1086,7,S7,0.9600,2,2.0351
WA-LIME B=5,1086,8,S21,0.9500,4,1.3531
LIME,2986,1,time,1.0000,1,42.0595
LIME,2986,2,S15,1.0000,1,16.7717
LIME,2986,3,S11,1.0000,1,12.1081
LIME,2986,4,S4,1.0000,1,7.4698
LIME,2986,5,S13,1.0000,1,4.8485
LIME,2986,6,S3,0.6900,2,2.4306
LIME,2986,7,S7,0.5500,7,2.0289
LIME,2986,8,S21,0.4800,8,1.5073
WA-LIME B=5,2986,1,time,1.0000,1,41.9443
WA-LIME B=5,2986,2,S15,1.0000,1,16.7384
WA-LIME B=5,2986,3,S11,1.0000,1,12.0597
WA-LIME B=5,2986,4,S4,1.0000,1,7.5152
WA-LIME B=5,2986,5,S13,1.0000,1,4.8401
WA-LIME B=5,2986,6,S3,0.8600,2,2.3146
WA-LIME B=5,2986,7,S7,0.8600,2,2.0800
WA-LIME B=5,2986,8,S21,0.9300,5,1.4045
LIME,701,1,time,1.0000,1,43.5611
LIME,701,2,S15,1.0000,1,16.5924
LIME,701,3,S11,1.0000,1,12.3247
LIME,701,4,S4,0.9900,2,7.0210
LIME,701,5,S13,0.9900,2,5.9671
LIME,701,6,S7,0.5200,3,2.3984
LIME,701,7,S3,0.4600,4,2.0910
LIME,701,8,S21,0.5800,7,1.5903
WA-LIME B=5,701,1,time,1.0000,1,43.5754
WA-LIME B=5,701,2,S15,1.0000,1,16.6514
WA-LIME B=5,701,3,S11,1.0000,1,12.3185
WA-LIME B=5,701,4,S4,1.0000,1,7.0527
WA-LIME B=5,701,5,S13,1.0000,1,6.0063
WA-LIME B=5,701,6,S7,0.6200,2,2.3276
WA-LIME B=5,701,7,S3,0.6200,2,2.1516
WA-LIME B=5,701,8,S21,0.9200,2,1.5043
LIME,5139,1,time,1.0000,1,43.1512
LIME,5139,2,S15,1.0000,1,16.3264
LIME,5139,3,S11,1.0000,1,12.0206
LIME,5139,4,S4,1.0000,1,7.4230
LIME,5139,5,S13,1.0000,1,4.8608
LIME,5139,6,S3,0.8900,3,2.4579
LIME,5139,7,S7,0.7600,7,1.9952
LIME,5139,8,S21,0.4300,7,1.4773
WA-LIME B=5,5139,1,time,1.0000,1,43.0966
WA-LIME B=5,5139,2,S15,1.0000,1,16.3248
WA-LIME B=5,5139,3,S11,1.0000,1,12.0322
WA-LIME B=5,5139,4,S4,1.0000,1,7.4338
WA-LIME B=5,5139,5,S13,1.0000,1,4.8718
WA-LIME B=5,5139,6,S3,0.9800,2,2.4225
WA-LIME B=5,5139,7,S7,0.9800,2,1.9934
WA-LIME B=5,5139,8,S21,0.8200,5,1.3630
