method,instance,rank,feature,share
LIME,8453,1,time,1.0000
LIME,8453,2,S15,1.0000
LIME,8453,3,S11,1.0000
LIME,8453,4,S4,1.0000
LIME,8453,5,S13,1.0000
LIME,8453,6,S3,0.5200
LIME,8453,6,S7,0.4700
LIME,8453,7,S7,0.4800
LIME,8453,7,S3,0.4600
LIME,8453,7,S21,0.0400
LIME,8453,7,S12,0.0200
LIME,8453,8,S21,0.6300
LIME,8453,8,S12,0.1700
LIME,8453,8,S7,0.0500
LIME,8453,8,S20,0.0500
LIME,8453,8,S16,0.0400
LIME,8453,8,S2,0.0400
LIME,8453,8,S3,0.0200
WA-LIME B=5,8453,1,time,1.0000
WA-LIME B=5,8453,2,S15,1.0000
WA-LIME B=5,8453,3,S11,1.0000
WA-LIME B=5,8453,4,S4,1.0000
WA-LIME B=5,8453,5,S13,1.0000
WA-LIME B=5,8453,6,S3,0.5400
WA-LIME B=5,8453,6,S7,0.4600
WA-LIME B=5,8453,7,S7,0.5400
WA-LIME B=5,8453,7,S3,0.4600
WA-LIME B=5,8453,8,S21,0.8900
WA-LIME B=5,8453,8,S12,0.0800
WA-LIME B=5,8453,8,S20,0.0200
LIME,7520,1,time,1.0000
LIME,7520,2,S15,1.0000
LIME,7520,3,S11,1.0000
LIME,7520,4,S4,0.9800
LIME,7520,4,S13,0.0200
LIME,7520,5,S13,0.9800
LIME,7520,5,S4,0.0200
LIME,7520,6,S7,0.5500
LIME,7520,6,S3,0.4500
LIME,7520,7,S3,0.5000
LIME,7520,7,S7,0.4100
LIME,7520,7,S21,0.0700
LIME,7520,7,S12,0.0200
LIME,7520,8,S21,0.5600
LIME,7520,8,S12,0.2100
LIME,7520,8,S20,0.0700
LIME,7520,8,S16,0.0600
LIME,7520,8,S3,0.0300
LIME,7520,8,S2,0.0300
LIME,7520,8,S9,0.0200
LIME,7520,8,S7,0.0200
WA-LIME B=5,7520,1,time,1.0000
WA-LIME B=5,7520,2,S15,1.0000
WA-LIME B=5,7520,3,S11,1.0000
WA-LIME B=5,7520,4,S4,1.0000
WA-LIME B=5,7520,5,S13,1.0000
WA-LIME B=5,7520,6,S7,0.6300
WA-LIME B=5,7520,6,S3,0.3700
WA-LIME B=5,7520,7,S3,0.6300
WA-LIME B=5,7520,7,S7,0.3700
WA-LIME B=5,7520,8,S21,0.9400
WA-LIME B=5,7520,8,S12,0.0600
LIME,5946,1,time,1.0000
LIME,5946,2,S15,1.0000
LIME,5946,3,S11,1.0000
LIME,5946,4,S4,1.0000
LIME,5946,5,S13,1.0000
LIME,5946,6,S7,0.5300
LIME,5946,6,S3,0.4700
LIME,5946,7,S3,0.4700
LIME,5946,7,S7,0.4300
LIME,5946,7,S21,0.0600
LIME,5946,7,S12,0.0300
LIME,5946,8,S21,0.7300
LIME,5946,8,S12,0.1300
LIME,5946,8,S3,0.0600
LIME,5946,8,S7,0.0400
LIME,5946,8,S20,0.0200
WA-LIME B=5,5946,1,time,1.0000
WA-LIME B=5,5946,2,S15,1.0000
WA-LIME B=5,5946,3,S11,1.0000
WA-LIME B=5,5946,4,S4,1.0000
WA-LIME B=5,5946,5,S13,1.0000
WA-LIME B=5,5946,6,S7,0.5800
WA-LIME B=5,5946,6,S3,0.4200
WA-LIME B=5,5946,7,S3,0.5800
WA-LIME B=5,5946,7,S7,0.4200
WA-LIME B=5,5946,8,S21,0.9200
WA-LIME B=5,5946,8,S12,0.0600
WA-LIME B=5,5946,8,S20,0.0200
LIME,268,1,time,1.0000
LIME,268,2,S15,1.0000
LIME,268,3,S11,1.0000
LIME,268,4,S4,1.0000
LIME,268,5,S13,1.0000
LIME,268,6,S3,0.6700
LIME,268,6,S7,0.3300
LIME,268,7,S7,0.6000
LIME,268,7,S3,0.3100
LIME,268,7,S21,0.0700
LIME,268,8,S21,0.5700
LIME,268,8,S12,0.1700
LIME,268,8,S7,0.0700
LIME,268,8,S16,0.0600
LIME,268,8,S20,0.0500
LIME,268,8,S2,0.0400
LIME,268,8,S3,0.0200
WA-LIME B=5,268,1,time,1.0000
WA-LIME B=5,268,2,S15,1.0000
WA-LIME B=5,268,3,S11,1.0000
WA-LIME B=5,268,4,S4,1.0000
WA-LIME B=5,268,5,S13,1.0000
WA-LIME B=5,268,6,S3,0.8800
WA-LIME B=5,268,6,S7,0.1200
WA-LIME B=5,268,7,S7,0.8800
WA-LIME B=5,268,7,S3,0.1200
WA-LIME B=5,268,8,S21,0.9600
WA-LIME B=5,268,8,S12,0.0300
LIME,1086,1,time,1.0000
LIME,1086,2,S15,1.0000
LIME,1086,3,S11,1.0000
LIME,1086,4,S4,1.0000
LIME,1086,5,S13,1.0000
LIME,1086,6,S3,0.7500
LIME,1086,6,S7,0.2500
LIME,1086,7,S7,0.6700
LIME,1086,7,S3,0.2500
LIME,1086,7,S21,0.0600
LIME,1086,7,S20,0.0200
LIME,1086,8,S21,0.6000
LIME,1086,8,S2,0.1100
LIME,1086,8,S12,0.0900
LIME,1086,8,S20,0.0700
LIME,1086,8,S7,0.0600
LIME,1086,8,S16,0.0500
LIME,1086,8,S17,0.0200
WA-LIME B=5,1086,1,time,1.0000
WA-LIME B=5,1086,2,S15,1.0000
WA-LIME B=5,1086,3,S11,1.0000
WA-LIME B=5,1086,4,S4,1.0000
WA-LIME B=5,1086,5,S13,1.0000
WA-LIME B=5,1086,6,S3,0.9600
WA-LIME B=5,1086,6,S7,0.0400
WA-LIME B=5,1086,7,S7,0.9600
WA-LIME B=5,1086,7,S3,0.0400
WA-LIME B=5,1086,8,S21,0.9500
WA-LIME B=5,1086,8,S2,0.0200
WA-LIME B=5,1086,8,S12,0.0200
LIME,2986,1,time,1.0000
LIME,2986,2,S15,1.0000
LIME,2986,3,S11,1.0000
LIME,2986,4,S4,1.0000
LIME,2986,5,S13,1.0000
LIME,2986,6,S3,0.6900
LIME,2986,6,S7,0.3100
LIME,2986,7,S7,0.5500
LIME,2986,7,S3,0.2800
LIME,2986,7,S21,0.1200
LIME,2986,7,S20,0.0200
LIME,2986,8,S21,0.4800
LIME,2986,8,S12,0.1500
LIME,2986,8,S7,0.1100
LIME,2986,8,S20,0.0900
LIME,2986,8,S2,0.0800
LIME,2986,8,S16,0.0600
LIME,2986,8,S3,0.0200
WA-LIME B=5,2986,1,time,1.0000
WA-LIME B=5,2986,2,S15,1.0000
WA-LIME B=5,2986,3,S11,1.0000
WA-LIME B=5,2986,4,S4,1.0000
WA-LIME B=5,2986,5,S13,1.0000
WA-LIME B=5,2986,6,S3,0.8600
WA-LIME B=5,2986,6,S7,0.1400
WA-LIME B=5,2986,7,S7,0.8600
WA-LIME B=5,2986,7,S3,0.1400
WA-LIME B=5,2986,8,S21,0.9300
WA-LIME B=5,2986,8,S12,0.0400
LIME,701,1,time,1.0000
LIME,701,2,S15,1.0000
LIME,701,3,S11,1.0000
LIME,701,4,S4,0.9900
LIME,701,5,S13,0.9900
LIME,701,6,S7,0.5200
LIME,701,6,S3,0.4700
LIME,701,7,S3,0.4600
LIME,701,7,S7,0.4100
LIME,701,7,S21,0.0900
LIME,701,7,S12,0.0400
LIME,701,8,S21,0.5800
LIME,701,8,S12,0.1600
LIME,701,8,S20,0.0800
LIME,701,8,S3,0.0700
LIME,701,8,S7,0.0600
LIME,701,8,S16,0.0300
LIME,701,8,S2,0.0200
WA-LIME B=5,701,1,time,1.0000
WA-LIME B=5,701,2,S15,1.0000
WA-LIME B=5,701,3,S11,1.0000
WA-LIME B=5,701,4,S4,1.0000
WA-LIME B=5,701,5,S13,1.0000
WA-LIME B=5,701,6,S7,0.6200
WA-LIME B=5,701,6,S3,0.3800
WA-LIME B=5,701,7,S3,0.6200
WA-LIME B=5,701,7,S7,0.3800
WA-LIME B=5,701,8,S21,0.9200
WA-LIME B=5,701,8,S12,0.0800
LIME,5139,1,time,1.0000
LIME,5139,2,S15,1.0000
LIME,5139,3,S11,1.0000
LIME,5139,4,S4,1.0000
LIME,5139,5,S13,1.0000
LIME,5139,6,S3,0.8900
LIME,5139,6,S7,0.1000
LIME,5139,7,S7,0.7600
LIME,5139,7,S3,0.1100
LIME,5139,7,S21,0.0600
LIME,5139,7,S12,0.0300
LIME,5139,7,S2,0.0200
LIME,5139,8,S21,0.4300
LIME,5139,8,S2,0.2000
LIME,5139,8,S12,0.1200
LIME,5139,8,S7,0.1000
LIME,5139,8,S16,0.0800
LIME,5139,8,S20,0.0600
WA-LIME B=5,5139,1,time,1.0000
WA-LIME B=5,5139,2,S15,1.0000
WA-LIME B=5,5139,3,S11,1.0000
WA-LIME B=5,5139,4,S4,1.0000
WA-LIME B=5,5139,5,S13,1.0000
WA-LIME B=5,5139,6,S3,0.9800
WA-LIME B=5,5139,6,S7,0.0200
WA-LIME B=5,5139,7,S7,0.9800
WA-LIME B=5,5139,7,S3,0.0200
WA-LIME B=5,5139,8,S21,0.8200
WA-LIME B=5,5139,8,S2,0.1300
WA-LIME B=5,5139,8,S16,0.0200
WA-LIME B=5,5139,8,S12,0.0200
